h1,h2,h3,h4,h5,h6,h7,h8,h9,h10,h11,h12,h13,h14,h15,h16,h17,h18,h19,h20,h21,h22,h23
0.174002634,0.1817945,0.178889336,0.155451962,0.287481128,0.0,0.0,0.573152572,0.543980369,0.551715661,0.564567297,0.5732014,0.570098278,0.568823669,0.796384088,0.84116734,0.996798545,0.957883786,0.99223642,1.0,1.0,1.0,0.938943785
0.287481128,0.21636753,0.181422677,0.180357027,0.168844871,0.257190839,0.0,0.433769704,0.568577879,0.559372981,0.554705364,0.557571408,0.568215289,0.568730562,0.578150946,0.782069479,0.862443384,0.862443384,0.925415264,0.99999634,1.0,1.0,0.995854143
0.43122649,0.26302594,0.181446662,0.173462159,0.163694393,0.0,0.513617969,0.554425129,0.559177481,0.561719204,0.564855891,0.569116047,0.569485731,0.57343301,0.575499055,0.706155109,0.74773897,0.862443384,0.96335815,0.999990484,1.0,1.0,0.999747025
0.178611839,0.18127576,0.194536777,0.0,0.574962256,0.574962256,0.574962256,0.574962256,0.574962256,0.574962256,0.569009116,0.574935327,0.0,0.443329538,0.608495281,0.774350062,0.862443384,0.973716371,0.999862181,1.0,1.0,1.0,0.888741279
0.001670084,0.0,0.073127181,0.30842452,0.482354475,0.480544522,0.480970109,0.480344656,0.481200808,0.480308949,0.479714471,0.464343729,0.409708847,0.435014899,0.680196454,0.881407085,0.999765936,0.999781047,0.999781047,1.0,0.736357538,0.324858462,0.130925742
0.001278283,0.0,0.111774013,0.479337467,0.485632392,0.613002913,0.528312872,0.467155849,0.477836537,0.477566729,0.480705972,0.475167841,0.465454925,0.476238811,0.731581806,0.991212306,1.0,1.0,1.0,0.809355569,0.462094015,0.395647087,0.132787263
0.0,0.002846511,0.04770818,0.308050857,0.455801844,0.480340836,0.482247398,0.474028578,0.473959875,0.482325607,0.48272462,0.483948252,0.481917624,0.474112083,0.719456953,0.994397835,1.0,1.0,1.0,0.942952508,0.384364509,0.432721011,0.133182796
0.179993861,0.180580189,0.199750326,0.0,0.547940458,0.571892069,0.546669056,0.574863629,0.574863629,0.574863629,0.57367111,0.559867894,0.573092081,0.501058528,0.756719075,0.862639985,0.999828465,0.999828465,0.999828465,0.999828465,0.999828465,0.999828465,1.0
0.181222461,0.18038337,0.256433308,0.514268379,0.660608415,0.722005504,0.533214756,0.576978568,0.577185924,0.574415537,0.567297606,0.57435216,0.573263886,0.606908829,0.808524055,0.996101253,1.0,1.0,0.999994848,0.798000672,0.566453246,0.0,0.244560347
0.181076381,0.178892859,0.258379292,0.574821808,0.75447619,0.823240919,0.71942939,0.56226036,0.575276151,0.575336486,0.571320997,0.570518028,0.574373977,0.603973319,0.860116561,0.99995623,1.0,1.0,0.999994194,0.789250643,0.506639354,0.0,0.221958564
0.181270001,0.180707933,0.244705993,0.486880365,0.646671413,0.604734363,0.570648682,0.569275091,0.572166195,0.573590463,0.573488863,0.573830575,0.49245515,0.517484028,0.77651766,0.862288469,0.999820377,1.0,0.995433115,0.792901308,0.475355837,0.0,0.229025364
1.0,0.301812595,0.190874507,0.187171409,0.185170139,0.301812595,0.489067326,0.597552476,0.754531487,0.754531487,0.754531487,0.734558183,0.605288338,0.7535567,0.82504482,0.872510702,0.826612008,0.754531487,0.605711736,0.503630601,0.0,0.301812595,0.192495345
0.002013872,0.0,0.102614702,0.484724401,0.657175337,0.740016978,0.469978292,0.480230463,0.483755687,0.480436052,0.480280336,0.477997547,0.48174877,0.540546257,0.829665078,0.999898814,1.0,1.0,0.999947327,0.714599712,0.38911998,0.131633521,0.024709433
0.448288991,0.237086489,0.181506054,0.179411504,0.19041743,0.0,0.498865837,0.56146692,0.57592549,0.571737041,0.57327257,0.577609152,0.575813169,0.574232878,0.78077762,0.901848199,1.0,1.0,1.0,1.0,1.0,1.0,0.989046697
0.000173618,0.0,0.079633929,0.348959403,0.474813145,0.478217586,0.481661017,0.475886468,0.473407636,0.479311202,0.480919571,0.482198724,0.401238841,0.451447364,0.707375926,0.961898694,1.0,1.0,1.0,0.999488592,0.629606958,0.396794334,0.130946427
0.000360411,0.0,0.084786881,0.33969131,0.475612206,0.48498892,0.472426645,0.463879599,0.471587599,0.478061967,0.455851722,0.401111129,0.482546922,0.339367916,0.623003714,0.83253465,0.999796147,1.0,1.0,1.0,0.808069291,0.373226663,0.482546922
0.000940833,0.0,0.085480483,0.38809839,0.461970546,0.476313631,0.480613887,0.476341625,0.480610344,0.481534668,0.477588963,0.48337456,0.410931871,0.461499882,0.71206963,0.942675005,1.0,1.0,1.0,0.984851435,0.562621694,0.321494311,0.132140656
0.181216472,0.180251749,0.250505313,0.506481315,0.574677277,0.676336546,0.562857408,0.57460031,0.571348362,0.574184903,0.576875518,0.574465101,0.518336313,0.584746588,0.824361126,0.990687446,1.0,1.0,1.0,0.909188068,0.450339735,0.0,0.245967918
0.181011468,0.179826966,0.244039457,0.482960027,0.5872163,0.649781855,0.558758742,0.574726645,0.574722816,0.573184135,0.574254374,0.574318384,0.539050914,0.554640947,0.744024349,0.96965641,1.0,1.0,1.0,0.806809471,0.508203564,0.0,0.265187962
0.431221692,0.245731105,0.181177645,0.176829159,0.184360001,0.0,0.0,0.563362982,0.55468874,0.574958377,0.575015896,0.571659604,0.557562228,0.533938299,0.570354638,0.734188787,0.732457142,0.770300758,0.862443384,0.997979445,1.0,1.0,0.998254786
0.170406915,0.181702285,0.201622701,0.0,0.545739068,0.574962256,0.571703391,0.574962256,0.574962256,0.574962256,0.574962256,0.574962256,0.0,0.431221692,0.706529799,0.862443384,0.999919628,1.0,1.0,1.0,1.0,1.0,1.0
0.0,0.000311214,0.054388952,0.305572622,0.392906159,0.478789158,0.44086237,0.470540258,0.435173875,0.466177296,0.466136027,0.481066978,0.481066978,0.441328411,0.736525598,0.931426509,1.0,1.0,1.0,1.0,0.761713962,0.40789008,0.468923034
0.943815832,0.314468268,0.197603632,0.195667486,0.182098202,0.314605277,0.511306003,0.731135951,0.831400189,0.943815832,0.809214218,0.786513193,0.786513193,0.881970857,0.943815832,1.0,0.883012781,0.661099487,0.621661946,0.560248716,0.0,0.226826082,0.195732068
0.180673571,0.181243323,0.190786242,0.0,0.489441758,0.57135138,0.549373022,0.574962256,0.574962256,0.574962256,0.574962256,0.574962256,0.574962256,0.447132639,0.625695393,0.776322699,0.987076951,1.0,1.0,1.0,1.0,1.0,0.996989398
0.181679775,0.182055419,0.177469081,0.163848908,0.0,0.578105934,0.578105934,0.548314219,0.558436092,0.575899195,0.577888728,0.576776512,0.579979689,0.576303932,0.765726059,0.977298856,1.0,0.812192088,0.757230089,0.59969902,0.510086732,0.578105934,0.289052967
0.6,0.388992879,0.245919124,0.237463547,0.220703611,0.388760742,0.721371256,0.77687307,0.785468654,0.998667652,0.799673642,0.791349729,0.792328832,0.797812372,0.915763264,1.0,0.924150908,0.787332171,0.791088595,0.768832522,0.0,0.255952885,0.250346345
0.432094322,0.226934577,0.181094449,0.178076212,0.164328528,0.0,0.508931204,0.55199938,0.572063174,0.575124446,0.574139464,0.5751274,0.575639584,0.576342171,0.783275317,0.994379314,1.0,1.0,1.0,1.0,1.0,1.0,1.0
0.892017207,0.144521667,0.008345336,0.0,0.002533578,0.317422047,0.481009403,0.620899918,0.743986815,0.926845474,0.804595102,0.708375319,0.663222807,0.787141619,0.873852693,1.0,0.999835588,0.977058573,0.76091569,0.460782575,0.318608248,0.12938055,0.012340074
0.180492932,0.181066311,0.24375568,0.469892871,0.629016347,0.612023708,0.568377188,0.573549207,0.573960124,0.574159049,0.573256783,0.554597794,0.573735166,0.498562249,0.72205248,0.862443384,1.0,1.0,1.0,1.0,0.807220168,0.436337844,0.0
1.0,0.174960672,0.022507588,0.017911839,0.0,0.17645334,0.43640996,0.573830273,0.626768523,0.873637749,0.557023862,0.583264688,0.584930275,0.593013511,0.794113335,0.814905353,0.791406789,0.58809916,0.574383703,0.405134424,0.17645334,0.033570082,0.022998627
0.0,0.007894053,0.025774109,0.310497532,0.475275825,0.478319351,0.442249305,0.422854623,0.467051069,0.452473855,0.469305674,0.418812047,0.484747274,0.346061206,0.571735055,0.837464431,1.0,1.0,1.0,1.0,1.0,1.0,0.999930018
0.001017186,0.0,0.077427506,0.338578523,0.47766059,0.484422698,0.481865035,0.477220342,0.479232923,0.478223567,0.475601668,0.467507916,0.481987087,0.416543337,0.662643898,0.875117406,0.99986367,1.0,1.0,0.993873309,0.567579511,0.376628486,0.132165744
0.001006054,0.0,0.071120002,0.346722393,0.467923089,0.479021993,0.481362107,0.479546166,0.479410063,0.472255145,0.475099085,0.460491323,0.447032491,0.354670652,0.505453045,0.79003405,0.916158998,0.997249167,1.0,0.869014971,0.370668024,0.323688743,0.130709038
0.436043855,0.23261466,0.181167444,0.176020977,0.169748961,0.0,0.568804843,0.555896913,0.566082826,0.576485921,0.575125548,0.57537219,0.5678747,0.565354459,0.675447276,0.768395381,0.862443384,0.862443384,0.902826766,1.0,1.0,1.0,0.999866683
0.174385736,0.18057077,0.173718527,0.0,0.545173241,0.570117383,0.574825384,0.574962256,0.574962256,0.574962256,0.574962256,0.574962256,0.0,0.431506405,0.669138429,0.788910555,0.990685769,1.0,1.0,1.0,1.0,1.0,0.99980633
0.456612909,0.213713187,0.027446505,0.02089541,0.0,0.209865957,0.563944634,0.667984264,0.698380315,0.689039936,0.712014852,0.702826993,0.692562086,0.691775885,0.981464688,1.0,0.939380222,0.939380222,0.883891123,0.577533425,0.697996566,0.214979233,0.020845473
0.000998416,0.0,0.037221756,0.325738949,0.462160234,0.480599576,0.478349443,0.47214261,0.475681976,0.474745654,0.460250958,0.454272084,0.481750777,0.333530123,0.629488286,0.823060404,0.999996425,1.0,1.0,1.0,0.87615604,0.51718005,0.333265649
0.181133349,0.180976651,0.221740888,0.431409969,0.575938656,0.574651902,0.569877049,0.535433375,0.568735801,0.574962256,0.574962256,0.530155038,0.574962256,0.489004381,0.751542316,0.933153783,1.0,1.0,1.0,0.999902183,0.789522561,0.527413825,0.0
0.181316395,0.180774591,0.185313245,0.0,0.574962256,0.574962256,0.574962256,0.574962256,0.574962256,0.563660756,0.57245593,0.574962256,0.0,0.431221692,0.661176134,0.854418664,0.996550996,1.0,1.0,1.0,1.0,1.0,0.839703419
0.431153994,0.255264302,0.181243768,0.178396204,0.177144458,0.0,0.574871993,0.558258324,0.55883286,0.567748481,0.565672631,0.572183989,0.569357225,0.555623958,0.691678908,0.766746539,0.759549575,0.834917916,0.902321847,0.999319318,0.99984301,0.99984301,1.0
0.001841255,0.0,0.085513904,0.367845295,0.4756175,0.483501303,0.478132966,0.480883454,0.479600043,0.480458434,0.481773884,0.47735888,0.450374606,0.403568994,0.722027555,0.950909359,1.0,1.0,1.0,0.995413691,0.634035388,0.315349679,0.132319334
0.0,0.002046945,0.059177395,0.314485288,0.480347554,0.480919015,0.473669148,0.465609696,0.476344293,0.483438566,0.485342749,0.484101153,0.43655952,0.449390134,0.700328976,0.908180097,1.0,1.0,1.0,1.0,0.934930855,0.518231312,0.343491641
0.0,0.00133829,0.073249172,0.365668756,0.476628992,0.481141667,0.474479437,0.465817152,0.476195406,0.482063576,0.481677772,0.473893495,0.425924495,0.4539081,0.729375069,0.967823058,1.0,1.0,1.0,0.992132004,0.44279787,0.432194666,0.132183081
0.181072246,0.17991837,0.262131778,0.489382873,0.574956041,0.572148073,0.565794144,0.572753792,0.571545186,0.570281553,0.574109685,0.571875652,0.574694195,0.576077752,0.807799192,0.997248701,1.0,1.0,0.998911241,0.800288133,0.492274581,0.0,0.204893581
0.546729729,0.228665674,0.180106503,0.174231198,0.172591479,0.0,0.574642771,0.524744976,0.571724079,0.575626726,0.575466394,0.576082664,0.575453807,0.572643523,0.752838789,0.925649843,1.0,1.0,1.0,0.999702532,0.747625627,0.895766201,0.77085923
0.012112026,0.011577385,0.066134813,0.348204778,0.479329596,0.491295978,0.426465527,0.495742877,0.495742877,0.495742718,0.477893601,0.479842251,0.495742877,0.418840885,0.624031919,0.812127912,1.0,0.742033152,0.800396112,0.476203536,0.329521356,0.142530048,0.0
0.176586723,0.176277339,0.284288662,0.553315708,0.727459006,0.755620361,0.586468715,0.574538271,0.570824984,0.572785194,0.578681485,0.569141215,0.58582737,0.686385847,0.83935802,0.999792231,0.999820459,0.999820459,1.0,0.781261019,0.50222984,0.0,0.261061591
0.179084068,0.173849387,0.26774557,0.52736745,0.754441523,0.768957087,0.676309799,0.568185917,0.571420288,0.566548223,0.763858925,0.645049103,0.57220358,0.644302243,0.873536887,1.0,1.0,1.0,1.0,0.817374175,0.498977481,0.0,0.214995273
0.005326271,0.003014721,0.089021288,0.348491669,0.460264872,0.481188865,0.484375287,0.478008845,0.480529728,0.485278793,0.486809535,0.485642158,0.486949861,0.482536641,0.822188613,0.999903115,0.999903115,0.999903115,1.0,0.62734919,0.357039205,0.134713904,0.0
0.181349581,0.180420572,0.219600943,0.0,0.542794318,0.576924368,0.547839418,0.567222768,0.552411298,0.568553241,0.564728987,0.559625785,0.562233104,0.493220371,0.787097456,0.897222598,1.0,0.996860789,0.925642705,0.752669919,0.473866818,0.287481128,0.181830516
0.190022925,0.180455702,0.205365023,0.0,0.567039586,0.574040817,0.574962256,0.574962256,0.573040822,0.570230922,0.574962256,0.574962256,0.0,0.431221692,0.574742395,0.773387325,0.863899436,0.9999924,1.0,1.0,1.0,1.0,0.849957618
0.163825947,0.182919273,0.176369442,0.165011474,0.0,0.556538295,0.574962256,0.574962256,0.557531517,0.57237914,0.575498449,0.574829245,0.574010596,0.573330991,0.75695291,0.862443384,0.976068331,0.997464172,1.0,1.0,0.853959909,0.563656956,0.494982234
0.168506004,0.17879214,0.202938701,0.0,0.47116742,0.560655116,0.571804776,0.557394865,0.549286977,0.570945717,0.574962256,0.54577459,0.549693417,0.528202247,0.695311976,0.877251076,1.0,0.998673703,0.999871778,1.0,1.0,1.0,0.999933485
0.180604874,0.179409948,0.238444743,0.49174863,0.56705042,0.577120284,0.573088624,0.558282905,0.556687428,0.570305543,0.572132016,0.555963002,0.495686518,0.490423287,0.718208952,0.862443384,0.999712158,1.0,0.996204678,0.803727596,0.480077985,0.0,0.234830319
0.433654718,0.251084123,0.18178307,0.175531688,0.16710577,0.0,0.537541507,0.554615041,0.564501841,0.574810543,0.564640545,0.572731904,0.571278893,0.571086245,0.732672481,0.85868164,0.785137322,0.856489349,0.862443384,0.999569429,1.0,1.0,0.98807548
0.00105162,0.0,0.083931272,0.391314265,0.457236495,0.471376306,0.482321715,0.481536627,0.482349588,0.479034767,0.48299444,0.481127769,0.477481438,0.478482056,0.762226366,0.993326792,1.0,1.0,1.0,0.791440193,0.33296439,0.130487061,0.003335691
0.287481128,0.207934248,0.180751723,0.179091079,0.16941553,0.144659663,0.0,0.552609479,0.549163713,0.57285007,0.573938203,0.572217122,0.549257939,0.558998222,0.696114072,0.801446231,0.998196416,1.0,1.0,1.0,1.0,1.0,0.999963661
0.178422724,0.176712949,0.249557177,0.486204636,0.575327431,0.616357347,0.562201487,0.574213456,0.580753869,0.711862753,0.785241322,0.7238439,0.571158631,0.736884704,0.862443384,0.998247243,1.0,1.0,0.999999285,0.782055688,0.551559446,0.504841447,0.0
0.181057593,0.180277478,0.25161024,0.477293771,0.589947918,0.581570076,0.563982993,0.572855399,0.576274983,0.576097166,0.577563748,0.575941534,0.54890743,0.553988725,0.785061682,0.974712078,1.0,1.0,1.0,0.90890177,0.525416053,0.0,0.287308251
0.177144155,0.179484239,0.24544401,0.45544227,0.569192552,0.568120724,0.571335901,0.570263638,0.567653072,0.571464302,0.573643208,0.546096061,0.574962256,0.485013739,0.749542394,0.912715073,1.0,1.0,1.0,1.0,0.786099919,0.46786551,0.0
0.179704718,0.178021049,0.252448041,0.481783406,0.564473044,0.571119175,0.575450352,0.568077121,0.569660274,0.566517953,0.562345675,0.570100353,0.554188109,0.484900688,0.73512361,0.872982249,1.0,1.0,1.0,0.999704693,0.786575024,0.442627784,0.0
0.000493606,0.0,0.071564614,0.340247544,0.483261545,0.475912704,0.471341859,0.472529906,0.464838199,0.464184392,0.475934426,0.440501741,0.481184895,0.444881828,0.723242646,0.851572313,0.998580173,0.999874809,1.0,0.999863083,0.730494171,0.339296229,0.130275938
0.001266123,0.0,0.073047285,0.343197182,0.473564831,0.481644297,0.475204712,0.479332327,0.481585428,0.481434039,0.483853895,0.486105068,0.46607571,0.434123971,0.72610524,0.969714843,1.0,1.0,0.999746524,0.719015743,0.408498484,0.308535526,0.133789949
0.0,0.004664213,0.082870625,0.360339713,0.450498601,0.483905833,0.479786902,0.462637335,0.464463914,0.48215848,0.4717001,0.45970863,0.476220362,0.376249764,0.713701171,0.966501039,1.0,1.0,1.0,1.0,0.999711685,0.6953736,0.384431438
0.176816227,0.180457368,0.213063949,0.0,0.545963323,0.574812285,0.574762849,0.574962256,0.574962256,0.574962256,0.574962256,0.574962256,0.0,0.431221692,0.59367922,0.806469522,0.999012256,1.0,1.0,1.0,1.0,1.0,0.983445507
0.412309182,0.214971022,0.181339247,0.180460386,0.197978651,0.0,0.574962256,0.542645021,0.569397208,0.577296024,0.576508933,0.575199432,0.576347821,0.574116262,0.741715681,0.888632126,0.999973698,0.999789787,1.0,1.0,1.0,1.0,1.0
0.179229504,0.180038896,0.241399882,0.485081658,0.61046163,0.71870282,0.556593098,0.576845018,0.574377729,0.570292295,0.572970914,0.572348506,0.57601216,0.575682682,0.843015328,1.0,1.0,1.0,0.999845106,0.755976565,0.522795565,0.0,0.227939008
0.832002607,0.129970495,0.004855299,0.0,0.014540675,0.308706332,0.416440919,0.60606234,0.712422727,0.826988893,0.798715741,0.676345706,0.680457172,0.694448082,0.818209677,0.875563577,1.0,0.9514893,0.812409736,0.5563616,0.3499763,0.13361926,0.00028852
0.180665264,0.178679383,0.243050006,0.501759355,0.549858443,0.648045636,0.566131929,0.573984691,0.575066962,0.567724781,0.58791164,0.572473346,0.557350573,0.682993111,0.8552072,0.999513811,1.0,1.0,1.0,0.813581016,0.517368663,0.0,0.224496113
0.430981696,0.230143307,0.181455632,0.184431313,0.168993142,0.0,0.574962256,0.549388035,0.560909613,0.575752387,0.57404515,0.573220364,0.571949399,0.569032205,0.756005606,0.862267658,0.966603226,0.885237216,0.995908342,1.0,1.0,1.0,1.0
0.434739657,0.230941744,0.180843733,0.176836488,0.229683345,0.0,0.47969079,0.574041068,0.574727589,0.573679493,0.575236734,0.57387399,0.559838752,0.554392345,0.762868525,0.958412582,1.0,1.0,1.0,1.0,1.0,1.0,1.0
0.000149975,0.0,0.077955959,0.351142547,0.470709987,0.47936331,0.482677334,0.481247398,0.484552378,0.482910994,0.482066757,0.47306385,0.457919017,0.373414179,0.738147783,0.972408377,1.0,1.0,1.0,0.996371766,0.709764898,0.312330453,0.130660214
0.834405298,0.14223766,0.010070713,0.0,0.041128016,0.315287939,0.47281662,0.673887403,0.834405298,0.993653161,0.797848261,0.742379213,0.703728633,0.781566623,0.996539689,1.0,1.0,0.999706705,0.79448566,0.492354665,0.315961571,0.129238118,0.012671753
0.846911657,0.154990305,0.035438656,0.017550163,0.0,0.154990305,0.404736655,0.666396423,0.678695663,0.836865129,0.736428461,0.671068019,0.666396423,0.713753236,0.843354621,0.997793445,0.999836998,1.0,0.99891078,0.762451637,0.335413412,0.154990305,0.035931665
0.001144477,0.0,0.047035806,0.306095055,0.475922396,0.480989759,0.479823168,0.478453428,0.432597056,0.449168596,0.478351668,0.460440807,0.476270557,0.385277231,0.719627418,0.869683011,0.999637612,0.999928679,1.0,1.0,0.969873761,0.490942767,0.314778054
0.180795334,0.177239069,0.257717437,0.505041401,0.575223883,0.591642344,0.566222414,0.56747788,0.57223291,0.574578579,0.566017704,0.574463742,0.575232785,0.60667289,0.845116363,0.999893911,1.0,1.0,0.999780937,0.787390133,0.495403152,0.0,0.233178327
0.000859475,0.0,0.055599329,0.320578558,0.475890514,0.483922596,0.461800581,0.449919928,0.447340747,0.466929981,0.478542444,0.446336397,0.481497647,0.361100079,0.738048939,0.832195069,0.997684945,1.0,1.0,1.0,0.922060512,0.407623725,0.357868849
0.438830164,0.235816107,0.181552379,0.179541387,0.191767685,0.0,0.0,0.555553719,0.545725815,0.574907709,0.575724641,0.573914453,0.562160219,0.553918621,0.665925229,0.831865395,0.85044488,0.862443384,0.9717395,1.0,1.0,1.0,0.994803349
0.001295138,0.0,0.081886226,0.373766628,0.491790279,0.464609951,0.481297864,0.480424484,0.480028507,0.483444569,0.48322136,0.4831537,0.461448663,0.452127841,0.740822167,0.9793723,1.0,1.0,1.0,0.968138624,0.56005179,0.444893933,0.130715011
0.000558574,0.0,0.060159521,0.338410512,0.467031789,0.480401012,0.480724867,0.479219236,0.481187051,0.478799797,0.470121287,0.460997286,0.481461152,0.38795898,0.492005295,0.827659311,1.0,1.0,1.0,0.999823124,0.743669893,0.321508166,0.130739046
1.0,0.171510139,0.017725372,0.012998249,0.0,0.171510139,0.439451243,0.610365614,0.885128344,0.792877535,0.792877535,0.620758765,0.587468655,0.630027744,0.88447955,0.867162175,0.833376209,0.782419824,0.56349376,0.497248763,0.171510139,0.023201818,0.01669876
0.009908657,0.009047653,0.100354437,0.422241654,0.477147032,0.515629944,0.48127145,0.479664211,0.484919807,0.485705661,0.48748767,0.488073306,0.463233542,0.4661563,0.768432577,0.997758344,1.0,1.0,0.995368595,0.680652756,0.335496099,0.13839759,0.0
0.436384897,0.248346639,0.180808228,0.173940815,0.22243214,0.0,0.490990049,0.562516369,0.575017416,0.576401369,0.56794709,0.534969898,0.570875656,0.554841259,0.570451219,0.71870282,0.816420925,0.975170266,0.999999671,1.0,1.0,1.0,1.0
0.180301186,0.175991468,0.260860104,0.538078917,0.672187975,0.701125057,0.562145386,0.573037809,0.573830776,0.575896261,0.575526627,0.574552656,0.570759956,0.592624392,0.863046459,1.0,1.0,1.0,1.0,0.821686616,0.433281899,0.0,0.234530737
0.181267902,0.180531306,0.23819849,0.452069667,0.56953214,0.575839002,0.568916267,0.557454815,0.574112884,0.559455968,0.56401339,0.535527882,0.574429969,0.464963736,0.601323325,0.80138086,0.943393496,0.998980687,1.0,0.83328426,0.43127001,0.0,0.261540406
0.181071691,0.179432019,0.238950759,0.454428704,0.570031982,0.572625019,0.567899745,0.570883567,0.574130616,0.574564421,0.574147122,0.553009235,0.555536469,0.513920914,0.780596583,0.794915614,0.989410433,1.0,1.0,0.999976918,0.733156,0.441509318,0.0
0.0,0.004313509,0.098149021,0.4578619,0.532684231,0.582660788,0.477219868,0.479911542,0.48525988,0.484525543,0.484552537,0.48334748,0.416023388,0.395835901,0.724243801,0.943467858,1.0,1.0,1.0,0.985429088,0.481688511,0.313474194,0.136619451
0.0,0.003445652,0.073351918,0.455416349,0.528751252,0.52955576,0.478196982,0.484462863,0.480870455,0.599696295,0.532330028,0.491029764,0.490889365,0.680915927,0.886966625,1.0,1.0,1.0,0.998865675,0.734236221,0.386783491,0.137572646,0.050089127
0.181131287,0.180363078,0.224169596,0.431206068,0.555274081,0.576059993,0.557568558,0.574941424,0.57432723,0.574941424,0.573179251,0.561471612,0.0,0.433543492,0.607524973,0.78143864,0.99819385,0.999963768,0.999963768,1.0,0.789001599,0.436901381,0.0
0.0,0.010127705,0.047062864,0.311435127,0.44440895,0.446871028,0.481406965,0.481412176,0.485447922,0.4723028,0.473447251,0.440935434,0.417724952,0.38728661,0.643043696,0.731696115,0.833473512,0.833473512,0.9966838,1.0,1.0,0.999661082,0.713922904
0.180413454,0.177684206,0.260964241,0.509564786,0.574216113,0.677250671,0.571022499,0.573955106,0.573624975,0.57110658,0.571483459,0.574461329,0.569194796,0.580895634,0.800892731,0.996010643,0.999820306,0.999820306,1.0,0.789117321,0.515606192,0.0,0.216391489
0.437557349,0.247280865,0.181582411,0.176786195,0.198985721,0.0,0.478714998,0.566229859,0.575725404,0.571996338,0.574707257,0.57545383,0.533788235,0.561745137,0.569689405,0.825059766,0.853515123,0.763224756,0.87167189,0.999897003,1.0,1.0,0.998389974
0.177418436,0.176461311,0.236185904,0.47088973,0.57221787,0.573694893,0.574725734,0.575083125,0.574244689,0.571842508,0.571612761,0.571773367,0.513822075,0.507247108,0.751031949,0.903428091,1.0,1.0,1.0,0.998981417,0.746840116,0.437678302,0.0
0.180319411,0.179168499,0.259333915,0.52106505,0.57255418,0.583204728,0.5703346,0.575489991,0.575716997,0.576642942,0.57845644,0.577191773,0.569832438,0.569977037,0.789099342,0.994805972,1.0,1.0,1.0,0.787587617,0.476512033,0.0,0.211552984
0.001250384,0.0,0.073323571,0.359190185,0.470409202,0.474476964,0.472001731,0.477576088,0.478333378,0.479178446,0.480153103,0.480981904,0.381309545,0.389065327,0.694903751,0.834855578,0.999885669,1.0,1.0,1.0,0.700160569,0.326386286,0.130671631
0.000791929,0.0,0.067020445,0.329947905,0.474140537,0.479413982,0.478462425,0.444224808,0.462560106,0.473660431,0.468442841,0.467140322,0.453132946,0.442494708,0.737171075,0.989942585,1.0,1.0,1.0,1.0,0.780285249,0.306004046,0.130618718
0.178079798,0.180526485,0.179499076,0.0,0.512956496,0.564786894,0.574962256,0.0,0.574962256,0.574962256,0.574962256,0.574962256,0.574962256,0.464951841,0.567338222,0.827824937,0.862443384,0.862443384,0.998477265,1.0,1.0,1.0,0.990344776
0.168514053,0.177220122,0.194967542,0.0,0.496953853,0.557899414,0.574065303,0.574962256,0.574962256,0.574599369,0.549576371,0.572801158,0.572736185,0.538500754,0.592134805,0.775265927,0.900320086,0.995162614,0.998997772,1.0,1.0,1.0,0.999534676
0.000693312,0.0,0.069766945,0.338474684,0.483689609,0.480126466,0.476318328,0.480715244,0.47939794,0.478033069,0.472610559,0.457875753,0.45653337,0.46058784,0.742519461,0.97557782,1.0,1.0,1.0,0.99997134,0.729117429,0.341971472,0.130891145
0.178354688,0.179821245,0.239672783,0.470655623,0.570200049,0.573487201,0.567799164,0.562559349,0.561094034,0.570336546,0.571977994,0.547035055,0.524300008,0.530602586,0.762924575,0.928556083,1.0,1.0,1.0,0.999287363,0.78873834,0.509695974,0.0
0.18116294,0.180435446,0.249367952,0.475628179,0.571436381,0.57432344,0.576498608,0.56821451,0.566531054,0.562369551,0.559250267,0.529639924,0.574962256,0.49353103,0.715313677,0.872210344,1.0,1.0,1.0,0.932973305,0.503495505,0.0,0.223440036
0.438207209,0.247738608,0.179848465,0.175883019,0.190528218,0.0,0.574962256,0.561432309,0.576195671,0.576715471,0.576236791,0.575936815,0.565912503,0.571660466,0.756559048,0.862511445,1.0,0.999976165,1.0,1.0,1.0,1.0,1.0
0.175737027,0.180341958,0.180967191,0.0,0.574962256,0.574962256,0.574962256,0.574962256,0.574962256,0.574962256,0.574962256,0.0,0.0,0.431221692,0.606160264,0.843821771,0.999681987,1.0,1.0,1.0,1.0,1.0,0.874289046
0.888794016,0.289471591,0.182422546,0.179382956,0.166621803,0.290029991,0.489929098,0.617826136,0.768304417,0.799025661,0.741064833,0.697912795,0.577487687,0.778530491,0.833839331,0.942069563,1.0,0.83441958,0.770638728,0.487824371,0.0,0.27145279,0.182784371
0.178425101,0.179761051,0.245930078,0.491174942,0.562162274,0.574718726,0.544957956,0.559131802,0.57161425,0.570459399,0.557153936,0.570261302,0.528430728,0.538246542,0.786316643,0.971503977,0.999820306,0.999820306,0.999820306,1.0,0.783087103,0.452667503,0.0
0.437839477,0.273379163,0.182329786,0.174789097,0.179287784,0.0,0.485790642,0.548975823,0.574402656,0.572335328,0.57525333,0.574488015,0.562816333,0.566993764,0.597480919,0.805742965,0.795171627,0.833090277,0.944037216,0.999614577,1.0,1.0,0.995035014
0.1738627,0.181640792,0.194572665,0.0,0.537002892,0.575678714,0.566362739,0.553612949,0.555730051,0.574387884,0.574850777,0.571551095,0.568343455,0.573528903,0.774102993,0.873312965,0.985910889,0.996047573,0.999926636,1.0,1.0,1.0,0.99419246
0.179440595,0.179911065,0.232203038,0.455561587,0.573697674,0.575351317,0.574338129,0.572581056,0.572937033,0.574886156,0.574213497,0.569469442,0.537211437,0.500096629,0.781951636,0.896435173,1.0,1.0,1.0,0.999992501,0.792106788,0.456842171,0.0
0.181256191,0.181173891,0.238513922,0.471271786,0.568287328,0.574897471,0.572684973,0.570025281,0.568498779,0.573802313,0.56932831,0.571913052,0.50299744,0.481191532,0.708639367,0.791610885,0.9996175,1.0,1.0,0.866077418,0.481822002,0.0,0.224178164
0.170707725,0.179302338,0.201542829,0.431221692,0.545469426,0.567514171,0.561008815,0.574962256,0.571780615,0.574962256,0.574394516,0.574962256,0.0,0.431221692,0.661132275,0.863120778,1.0,1.0,1.0,1.0,1.0,1.0,0.997580814
0.431400578,0.238821938,0.17975217,0.17698985,0.175219461,0.0,0.574962256,0.543745376,0.569707919,0.575274538,0.570221922,0.568732906,0.563272398,0.548712045,0.717321,0.862656299,0.960766835,0.865348252,0.997737481,1.0,1.0,1.0,1.0
0.180386918,0.181301488,0.195919767,0.0,0.574962256,0.574962256,0.574962256,0.574962256,0.574962256,0.574962256,0.574962256,0.574962256,0.0,0.431221692,0.690354913,0.823998988,0.940074048,0.999515095,1.0,1.0,1.0,1.0,0.999536042
0.001960448,0.0,0.100641452,0.398682597,0.490448666,0.657124926,0.486534039,0.479828515,0.484569919,0.482761794,0.482739692,0.484769185,0.482866238,0.504528584,0.843855129,1.0,1.0,1.0,0.991079373,0.501838961,0.332681736,0.131505832,0.000588885
0.431221692,0.245994542,0.180153512,0.178395955,0.167652468,0.0,0.539358705,0.569905043,0.56776163,0.574733064,0.572537126,0.566274755,0.547034925,0.546962836,0.801492726,0.862443384,0.999793848,1.0,1.0,1.0,1.0,1.0,1.0
0.854209489,0.136139359,0.006326984,0.0,0.095476509,0.315878053,0.547809739,0.713026283,0.872625224,0.999513425,0.832448553,0.778587444,0.7531715,0.707274393,0.980376165,0.999906194,1.0,0.993255792,0.756268653,0.482602855,0.323521448,0.136432119,0.002563218
0.960873309,0.316648054,0.198008577,0.1936829,0.205900317,0.0,0.529926902,0.645816115,0.807516036,0.883623141,0.826817307,0.654863692,0.741105637,0.800727758,0.888433859,1.0,0.818977708,0.796041567,0.62992394,0.554541796,0.0,0.243529861,0.205653612
0.431221692,0.287023247,0.17274175,0.169063428,0.174625007,0.0,0.492767323,0.589555129,0.790202948,0.818606636,0.829592087,0.85604495,0.938752035,0.996746579,0.999817175,1.0,1.0,0.969990586,0.821892575,0.619136102,0.546068231,0.287481128,0.176398567
0.000981893,0.0,0.053426581,0.33390862,0.470260745,0.480564494,0.475995171,0.469116269,0.474024675,0.474014418,0.460774965,0.450963604,0.462361745,0.375272557,0.560530912,0.759537639,0.997228037,1.0,1.0,1.0,0.932632831,0.439071103,0.353795677
0.432613225,0.229465284,0.180944284,0.174884183,0.168488009,0.0,0.529785625,0.545348973,0.5746982,0.574188725,0.573655562,0.57320137,0.566053844,0.555023627,0.57322888,0.71560871,0.731633643,0.858722852,0.99519358,1.0,1.0,1.0,0.999967863
0.001625603,0.0,0.101657006,0.411069505,0.530946793,0.654514192,0.462955486,0.47674188,0.479572598,0.482693377,0.485373745,0.481649251,0.388657993,0.425775729,0.740328961,0.977979988,1.0,1.0,1.0,0.966925132,0.406172162,0.307180575,0.132092578
0.440282061,0.244073008,0.181113294,0.178846156,0.169369831,0.206202387,0.0,0.543935364,0.555504377,0.572593874,0.594883495,0.653250194,0.569473244,0.576976503,0.756428427,0.982452564,1.0,1.0,1.0,1.0,1.0,0.998010555,0.794554766
0.178900156,0.173618124,0.261752016,0.511128693,0.709924493,0.71870282,0.566759362,0.574522699,0.577435906,0.575555736,0.574235044,0.576730177,0.556786843,0.57087892,0.794211489,0.995466405,1.0,1.0,1.0,0.785167474,0.488079183,0.0,0.250279864
0.180409664,0.179439722,0.241239421,0.443333103,0.578416217,0.574261696,0.572237678,0.558010282,0.574962256,0.570254771,0.571562611,0.532659117,0.574962256,0.498004455,0.74288341,0.920145513,1.0,1.0,1.0,0.999917255,0.75974721,0.51033039,0.0
0.002360901,0.0,0.090997281,0.374088426,0.47577785,0.747230142,0.710566798,0.464727745,0.482368964,0.481724695,0.470028373,0.466608144,0.480624743,0.519494125,0.835407379,1.0,1.0,1.0,1.0,0.996338885,0.663440519,0.356147918,0.132316004
0.465426749,0.286144114,0.178909887,0.17392871,0.161983837,0.287481128,0.488462842,0.559577873,0.577679103,0.586268916,0.680656397,0.71870282,0.71870282,0.826120661,0.917683808,1.0,0.965553296,0.977136404,0.999660967,0.790847997,0.478977445,0.0,0.210362641
0.000431279,0.0,0.073301772,0.347565055,0.469010094,0.478701872,0.478418198,0.455285623,0.477261892,0.455598588,0.468793811,0.478417831,0.419580862,0.480139384,0.717256618,0.974821273,1.0,1.0,1.0,0.957489889,0.673245635,0.394636735,0.130441027
0.431221692,0.251227228,0.180984669,0.174318333,0.218572232,0.0,0.493515805,0.555456757,0.575710677,0.576150196,0.575268737,0.573278851,0.541631054,0.552408052,0.731528346,0.862443384,0.99623209,0.999954345,1.0,1.0,1.0,1.0,0.999991786
0.168929914,0.180705359,0.191745621,0.431221692,0.570256625,0.562052501,0.570880886,0.574962256,0.574962256,0.574962256,0.574962256,0.574962256,0.0,0.447855817,0.638291268,0.86243297,0.999847154,1.0,1.0,1.0,1.0,1.0,0.986421565
0.000527737,0.0,0.073447648,0.357003166,0.468352756,0.480841292,0.476288284,0.467979688,0.474566942,0.471693377,0.470036036,0.41529675,0.481538112,0.407851112,0.674548592,0.807674497,0.99874707,1.0,1.0,0.997303505,0.760104928,0.306203085,0.128776387
0.176790292,0.177985915,0.246201311,0.492196652,0.562489596,0.570405712,0.572011556,0.573515191,0.574003742,0.569890773,0.566068698,0.548341493,0.574858978,0.510460112,0.695500673,0.862288468,0.994668029,0.998986469,0.999820375,1.0,0.790082145,0.454272402,0.0
0.447968562,0.279166537,0.184831617,0.179278094,0.165575055,0.0,0.0,0.511585999,0.570129459,0.576848478,0.57396125,0.577623471,0.569849791,0.575278613,0.787067189,0.991796402,1.0,1.0,1.0,1.0,1.0,1.0,0.796094634
0.455077786,0.2521111,0.181101698,0.178253459,0.160311611,0.0,0.525136952,0.543457327,0.573093342,0.592499882,0.581593793,0.573834745,0.575063545,0.575483476,0.717699035,0.862443384,1.0,1.0,1.0,1.0,1.0,1.0,0.985562522
0.443291963,0.228373502,0.180451178,0.17888117,0.171248937,0.0,0.573622548,0.498812033,0.57539015,0.577115294,0.577313278,0.574759094,0.571361229,0.571015079,0.716702756,0.908242895,0.999980656,1.0,1.0,1.0,1.0,1.0,0.999660017
0.000743113,0.0,0.084491938,0.442996899,0.540583891,0.631849471,0.465993375,0.474994645,0.477862199,0.48245445,0.48078883,0.480164505,0.461260009,0.458625084,0.794922602,0.999460379,1.0,1.0,1.0,0.895517301,0.520005529,0.481645034,0.131047299
0.002056591,0.0,0.073634037,0.333724413,0.492816397,0.58579057,0.473347073,0.482254455,0.480790281,0.480403394,0.483079242,0.482348461,0.432773109,0.431325582,0.744128654,0.970773655,1.0,1.0,1.0,0.999400246,0.692536638,0.350142884,0.131833308
0.00090416,0.0,0.056637192,0.317937013,0.472833618,0.486175487,0.474792703,0.479705285,0.481113078,0.479745706,0.479823612,0.480483072,0.456561135,0.463926992,0.717491466,0.927147519,1.0,1.0,1.0,0.998151712,0.573407864,0.334001073,0.132765831
0.181356068,0.180380506,0.231584678,0.451551865,0.572822582,0.572805533,0.573377557,0.568591681,0.569249392,0.555438624,0.562339171,0.571967217,0.54767582,0.494311737,0.675697534,0.862443384,1.0,1.0,0.999707991,0.790136594,0.474005354,0.0,0.215124679
0.001380727,0.0,0.083091559,0.347287317,0.473765695,0.482455771,0.48168182,0.473419064,0.472578811,0.470816018,0.475812277,0.478177573,0.453527469,0.381936931,0.664732987,0.83237816,0.993915298,1.0,1.0,0.908903761,0.670462747,0.306905992,0.131748602
0.181335198,0.180668635,0.2536321,0.487112137,0.573416539,0.563520477,0.560919104,0.547067011,0.572263206,0.555750434,0.563714693,0.572731045,0.571959942,0.561465749,0.782432894,0.978202652,1.0,1.0,1.0,0.807432928,0.489532231,0.0,0.231627463
0.181233437,0.181228927,0.274471484,0.647636353,0.713988252,0.71870282,0.71870282,0.594394332,0.575099832,0.582850337,0.684894763,0.693788333,0.570798365,0.632251067,0.877666971,1.0,1.0,1.0,1.0,0.786571966,0.567841305,0.0,0.23786702
0.002527715,0.0,0.085691006,0.423607208,0.65765956,0.692013651,0.577682671,0.480607102,0.484429393,0.481831409,0.484982628,0.483389402,0.408549985,0.443031258,0.701721584,0.948907742,1.0,1.0,1.0,0.997380399,0.566894896,0.346267087,0.132860046
0.872043682,0.137719265,0.009863677,0.00395473,0.009171792,0.311672158,0.485892597,0.735896343,0.976246506,0.998386031,0.95613538,0.833530837,0.740852311,0.722211567,0.84027246,1.0,1.0,0.996609168,0.796838696,0.464094112,0.410009325,0.134601914,0.0
0.438427666,0.269972832,0.17783178,0.17614986,0.164547363,0.276574125,0.448961625,0.551835116,0.580371415,0.710166035,0.718704038,0.718704038,0.724162787,0.812214021,0.929423241,0.999638126,1.0,0.994137252,0.762317272,0.730542558,0.494042065,0.0,0.287481615
0.17983928,0.176907302,0.261879395,0.530430923,0.56884435,0.583359015,0.570897428,0.572566569,0.574739483,0.575864598,0.574639437,0.568307148,0.574419557,0.605417095,0.862443384,1.0,1.0,1.0,0.99999814,0.786044806,0.502948756,0.0,0.225236662
0.006736051,0.0,0.032134336,0.312375682,0.472163057,0.469657081,0.660440612,0.658228964,0.498593206,0.486972052,0.485904065,0.480662892,0.48486787,0.512567388,0.834303693,1.0,1.0,1.0,0.999955162,0.633048572,0.342869348,0.137217619,0.018428706
0.441596729,0.2746857,0.160866815,0.15728268,0.211598197,0.0,0.484703895,0.570232939,0.577364209,0.575047976,0.57460615,0.57665562,0.574966425,0.57609844,0.777458754,0.875428979,0.999975219,1.0,1.0,1.0,1.0,1.0,0.299537546
0.177830166,0.181226404,0.209193575,0.0,0.514521549,0.538284278,0.570025571,0.574897429,0.562563638,0.57347939,0.574962256,0.574962256,0.0,0.449423194,0.714971011,0.862483908,1.0,1.0,1.0,1.0,1.0,1.0,1.0
0.287481128,0.207179018,0.18143177,0.180103432,0.17143361,0.257393252,0.0,0.517878119,0.561545217,0.574257064,0.575788027,0.576238391,0.572959655,0.572493036,0.739577835,0.864620087,0.999956795,1.0,1.0,1.0,1.0,1.0,0.984115939
0.799420768,0.142664886,0.01044646,0.0,0.055774489,0.31562007,0.601157045,0.718926039,0.955479323,1.0,1.0,1.0,0.997288448,0.996247213,1.0,1.0,0.981135752,0.82579571,0.65389763,0.478142874,0.327539061,0.120825327,0.009532284
0.30647939,0.08943448,0.001817056,0.0,0.003524506,0.131185772,0.312264518,0.460062366,0.484196215,0.484715318,0.484537436,0.48363993,0.418789119,0.446274859,0.487513775,0.803252909,0.832269502,0.832269502,0.848159336,1.0,1.0,1.0,1.0
0.181223301,0.180979218,0.251789988,0.485422958,0.571430515,0.578408896,0.572322963,0.576038899,0.5764272,0.57780374,0.576714793,0.575020361,0.548013127,0.544619076,0.606449783,0.830386311,0.99951354,1.0,1.0,0.796067117,0.432682746,0.0,0.201996593
0.001966974,0.0,0.10662254,0.45139398,0.524106015,0.657110773,0.449735983,0.481512314,0.484074569,0.483252749,0.478201436,0.481268512,0.482415524,0.478166099,0.815189839,0.999662581,1.0,1.0,0.999266981,0.738905037,0.366007536,0.131469981,0.003159427
0.181202561,0.179953323,0.275042992,0.587531771,0.713863048,0.754377895,0.613997847,0.573382129,0.576459019,0.577380553,0.576081531,0.573025975,0.56904095,0.56382305,0.814959666,0.999885654,1.0,1.0,0.997449885,0.718410399,0.484308702,0.0,0.207852639
1.0,0.326885368,0.206727261,0.202921415,0.232124203,0.0,0.549935304,0.652733851,0.889633938,0.853201187,0.81975545,0.775211088,0.674509422,0.836587045,0.90872591,0.98370654,0.916654697,0.81975545,0.649962617,0.538802134,0.0,0.223947078,0.207241281
0.72538107,0.0,0.19995911,0.163593004,0.179634716,0.0,0.51091131,0.727663209,0.776976255,0.782281189,0.745642548,0.73067645,0.730550588,0.735490919,0.859954411,1.0,0.863216108,0.761775827,0.556495995,0.50800171,0.0,0.292183161,0.221250613
0.174593209,0.180567818,0.193312995,0.0,0.574962256,0.574962256,0.574962256,0.574962256,0.573518483,0.574962256,0.574962256,0.0,0.0,0.431221692,0.588894837,0.756338233,0.903567605,1.0,1.0,1.0,1.0,0.97440672,0.766903775
0.178055145,0.18107791,0.183028557,0.0,0.574704104,0.574930186,0.564154317,0.574930186,0.574930186,0.574930186,0.574930186,0.574930186,0.0,0.453687133,0.69176651,0.848661676,0.998085788,0.999944223,0.999944223,0.999944223,0.999944223,1.0,0.756681804
0.0,0.001616328,0.086910995,0.361016065,0.470646026,0.477932309,0.477188834,0.481260556,0.479837806,0.475298651,0.476874157,0.464559435,0.483378627,0.470113789,0.661504656,0.82438145,0.999993657,1.0,1.0,1.0,0.997866101,0.538627388,0.399789443
0.00010854,0.0,0.050340483,0.310792826,0.478736494,0.481181526,0.479523631,0.463441556,0.453578555,0.474926286,0.479338669,0.449333077,0.462592593,0.385964306,0.653191839,0.832299548,1.0,1.0,1.0,1.0,0.821527463,0.414537284,0.32618521
0.171276505,0.180407962,0.199939843,0.0,0.574962256,0.574962256,0.574962256,0.574962256,0.573349972,0.574962256,0.574962256,0.574962256,0.0,0.0,0.53356737,0.783281754,0.98725921,1.0,1.0,1.0,1.0,1.0,1.0
0.179115356,0.179369158,0.235953604,0.45857341,0.566404205,0.575105895,0.573261252,0.570213815,0.565816456,0.561968443,0.5622357,0.535758952,0.0,0.431221692,0.593646321,0.782479631,0.997314339,1.0,1.0,1.0,0.985164944,0.573703769,0.4545623
0.179542879,0.178804396,0.251734136,0.45395697,0.669516818,0.71870282,0.643785214,0.569599185,0.569932451,0.568482084,0.573406263,0.572077188,0.565017202,0.565158028,0.637263518,0.846704118,0.999231612,1.0,1.0,0.981838683,0.502263151,0.0,0.0
0.180657633,0.179503759,0.249022603,0.476441036,0.571449382,0.577543242,0.571200554,0.575960962,0.574001498,0.573085085,0.573172213,0.55832214,0.552446108,0.506407673,0.730979722,0.862443384,0.997319909,1.0,1.0,1.0,0.813543965,0.499353257,0.0
0.862443384,0.285559786,0.179535861,0.178129729,0.169022673,0.287481128,0.472354868,0.745838095,0.770517635,0.996325886,1.0,0.996024097,0.758523565,0.725456437,0.765232082,0.797951515,0.804925831,0.79046366,0.775581013,0.73996096,0.564586079,0.524270875,0.0
0.461249582,0.246752967,0.180598905,0.175826853,0.209446646,0.0,0.531562539,0.516129562,0.573239953,0.577059993,0.577638792,0.575894771,0.521201643,0.54655411,0.592707115,0.773475261,0.862443384,0.953705,0.999996204,1.0,1.0,1.0,0.999999965
0.176611595,0.175840388,0.255555306,0.501617838,0.684498335,0.71870282,0.557936784,0.574637361,0.576219733,0.576023007,0.57763468,0.576385328,0.56050419,0.540553078,0.828444998,0.998992697,1.0,1.0,1.0,0.756494728,0.478808408,0.0,0.287481128
0.181084979,0.180890573,0.173631128,0.0,0.484771804,0.551399687,0.574210898,0.573416248,0.572905813,0.568977962,0.573782758,0.572287778,0.534634908,0.56583111,0.786805858,0.996013185,1.0,1.0,1.0,0.800037578,0.5134772,0.0,0.20027607
0.180367834,0.17775231,0.248167187,0.448402487,0.565703497,0.569522498,0.57572815,0.571982167,0.575256094,0.576128506,0.572350451,0.57144062,0.56600644,0.576000215,0.785666834,0.974751453,0.997074838,0.994680211,1.0,0.842989027,0.452205248,0.0,0.227301882
0.176726317,0.172259764,0.274147899,0.542722636,0.614289471,0.71870282,0.559009321,0.574863412,0.576492637,0.574333663,0.568483084,0.574594322,0.574447486,0.621304677,0.862443384,0.999639832,1.0,1.0,1.0,0.831814832,0.47654094,0.0,0.278724134
0.0,0.000723538,0.066188038,0.328574955,0.470852682,0.478116328,0.470828469,0.475731233,0.475478464,0.478937948,0.47443888,0.473552158,0.442409522,0.387383461,0.71265327,0.912654044,1.0,1.0,1.0,1.0,0.972811669,0.404725324,0.355728379
0.180991582,0.180097745,0.248268178,0.464878391,0.570180656,0.571007717,0.571129217,0.57607941,0.576776027,0.576353205,0.575027756,0.571207482,0.524995897,0.544571663,0.798026549,0.995908916,1.0,1.0,0.999836523,0.794739307,0.482264463,0.0,0.230620271
0.442780592,0.271303312,0.180304402,0.169975734,0.232131589,0.0,0.516864345,0.565068457,0.577267636,0.571787665,0.573998721,0.577032735,0.574558338,0.572609382,0.743664086,0.882524386,0.992468575,0.999468559,1.0,1.0,1.0,0.998552402,0.783686533
0.001412559,0.0,0.138101529,0.569877741,0.657106931,0.657106931,0.657106931,0.589935715,0.474814317,0.475680666,0.480361411,0.474527242,0.48039074,0.492951455,0.812339893,1.0,1.0,1.0,0.995222617,0.738624044,0.385152853,0.131460251,0.02477007
0.439235801,0.247466539,0.179119793,0.177937937,0.220391803,0.0,0.471620874,0.561995173,0.573941891,0.576206497,0.577286644,0.573798345,0.526198953,0.544350046,0.712676881,0.826914479,0.994554882,1.0,1.0,1.0,0.995210872,0.766914935,0.860055973
0.178241838,0.175016944,0.266518759,0.497063146,0.569392995,0.572210812,0.568679444,0.576620739,0.575527279,0.570526268,0.574151139,0.568285552,0.570731418,0.726740885,0.834198733,0.999923422,1.0,1.0,0.998218224,0.774546636,0.45992361,0.0,0.195529103
0.004527826,0.0,0.128690256,0.445329345,0.495422365,0.658555574,0.475225625,0.481943538,0.482056047,0.486980857,0.485741248,0.481073668,0.483843901,0.677903197,0.859337789,1.0,1.0,1.0,0.998045639,0.685018312,0.371805746,0.135129628,0.01273932
0.004342727,0.0,0.122500807,0.48847502,0.475726402,0.554029159,0.46885431,0.482452257,0.483619173,0.48368704,0.482398173,0.484741393,0.480170616,0.538329191,0.796480552,0.996788596,0.999793671,1.0,0.995230914,0.705451008,0.350975875,0.134179407,0.031905155
0.180570711,0.179935605,0.252580055,0.508018036,0.567424671,0.57587011,0.576991235,0.574343885,0.574052916,0.571447034,0.571748401,0.570606388,0.504484964,0.496644901,0.772682919,0.916696269,1.0,1.0,1.0,0.973529527,0.479648559,0.0,0.259583753
0.17017631,0.181380589,0.193496731,0.0,0.554022898,0.574962256,0.566968174,0.574962256,0.574962256,0.574962256,0.574962256,0.574962256,0.0,0.432648141,0.722272242,0.868347971,1.0,1.0,1.0,1.0,1.0,1.0,0.979555636
0.002204875,0.0,0.096043343,0.371644557,0.482838922,0.483289067,0.482760977,0.48167857,0.481901055,0.48420295,0.483824676,0.476974294,0.47181452,0.5171286,0.830563625,0.999477154,1.0,1.0,1.0,0.916307306,0.433585531,0.479639431,0.132311913
0.181306451,0.180744154,0.246398501,0.520073994,0.56826612,0.57844377,0.569572167,0.572310108,0.569296983,0.572450474,0.57472986,0.576264561,0.50697999,0.560873663,0.78093522,0.864324517,1.0,1.0,1.0,0.974416655,0.716472974,0.0,0.287481128
0.172587714,0.179270761,0.183877186,0.0,0.482450401,0.539156942,0.574962256,0.574962256,0.574962256,0.574962256,0.574962256,0.574962256,0.0,0.435480421,0.57445739,0.776457545,0.862443384,0.865403315,0.996844874,1.0,1.0,1.0,0.966507267
0.171057846,0.178883072,0.228245426,0.447469997,0.569277073,0.571385257,0.572321673,0.572864512,0.568588385,0.563735202,0.568212891,0.567523693,0.561875185,0.497240166,0.776711678,0.930952409,1.0,1.0,1.0,0.86532808,0.522349324,0.0,0.20695633
0.175809986,0.181777238,0.208096779,0.0,0.573787085,0.547498612,0.504532097,0.574962256,0.574962256,0.574962256,0.574962256,0.574962256,0.0,0.431221692,0.728107361,0.86248693,1.0,1.0,1.0,1.0,1.0,1.0,0.987900983
0.180219063,0.179368194,0.224126564,0.436265824,0.575878188,0.573093088,0.568993872,0.572223183,0.545573171,0.551517978,0.560195177,0.547988647,0.574962256,0.486583144,0.700805911,0.812114043,0.978719655,1.0,1.0,1.0,0.867249497,0.47513827,0.0
0.00050816,0.0,0.058895653,0.336070027,0.476854704,0.484327452,0.441249412,0.478484578,0.458346944,0.473056679,0.474972868,0.44214666,0.466178106,0.380554719,0.684454477,0.819298083,0.999630562,1.0,1.0,0.996523388,0.575222325,0.343455951,0.13058979
0.002424796,0.0,0.091744983,0.366427176,0.48641407,0.485034292,0.480025819,0.476107393,0.483395129,0.484379422,0.480694214,0.480432073,0.425827933,0.44505993,0.679585353,0.940558423,1.0,1.0,1.0,0.995627563,0.707379389,0.317950378,0.133451362
0.186654513,0.18062017,0.199773115,0.0,0.0,0.574962256,0.574962256,0.560444823,0.541106895,0.567436318,0.574962256,0.574962256,0.0,0.442330914,0.573941856,0.767724407,0.967623713,1.0,1.0,1.0,1.0,1.0,1.0
0.173931037,0.182060392,0.197690641,0.431221692,0.497253745,0.562410239,0.574962256,0.574962256,0.574962256,0.574962256,0.574962256,0.0,0.0,0.431324457,0.673685527,0.845822491,0.970924978,0.999999973,1.0,1.0,1.0,1.0,1.0
0.315474946,0.096654004,0.007918825,0.0,0.062683574,0.3106538,0.481326901,0.483522311,0.635203512,0.659074301,0.532582248,0.478415903,0.483839619,0.488696246,0.723772608,0.976003607,1.0,1.0,1.0,1.0,1.0,1.0,0.990125098
0.181079455,0.180724908,0.236479383,0.452477673,0.652752557,0.701562485,0.562148987,0.577057185,0.575177557,0.57171955,0.574642409,0.57382326,0.491406522,0.493457281,0.78444858,0.959848526,1.0,1.0,1.0,0.997033976,0.834264748,0.0,0.277692193
0.306425666,0.12772689,0.005039511,0.0,0.027585067,0.306425666,0.467911697,0.73135294,0.908960933,0.964404708,0.804214846,0.80451766,0.640515899,0.690428751,0.867034466,1.0,0.994310728,0.859490586,0.737679879,0.635548087,0.367670589,0.131140947,0.001505775
0.180542792,0.17866358,0.257729143,0.531775781,0.742995355,0.748430789,0.561093233,0.573308954,0.57796586,0.576418013,0.574881928,0.576345271,0.572535327,0.594248918,0.862601996,0.999880128,0.999880128,0.999880128,1.0,0.79032074,0.490113066,0.0,0.279499067
0.18061318,0.179828253,0.249571504,0.491407324,0.56801954,0.572519398,0.575538928,0.533644617,0.574505734,0.574962256,0.573120731,0.56605104,0.565858222,0.476612854,0.733713485,0.863201879,0.999067246,1.0,1.0,0.999468245,0.79817372,0.483415324,0.0
0.431395189,0.241800118,0.180845958,0.175390161,0.17764625,0.0,0.562438245,0.570876907,0.565094055,0.577256582,0.577005063,0.570003624,0.559545904,0.569173974,0.590376396,0.719736966,0.858387059,0.862443384,0.862453642,0.998530294,1.0,1.0,0.944675834
0.179604574,0.179739672,0.225286435,0.450913783,0.612267942,0.71870282,0.578039722,0.63388788,0.71870282,0.591466288,0.592271193,0.572022326,0.571964013,0.623941455,0.854943174,1.0,1.0,1.0,1.0,0.989982917,0.733755674,0.462896292,0.0
0.003906203,0.0,0.086988397,0.358540917,0.472406138,0.485932007,0.480974813,0.487774238,0.478256664,0.484961796,0.485313057,0.481537494,0.481390595,0.482785227,0.792625749,1.0,1.0,1.0,0.998979125,0.748022304,0.34034622,0.133281814,0.0029838
0.465067861,0.271064468,0.181670362,0.179459222,0.173135531,0.193987286,0.0,0.0,0.529078408,0.555840204,0.519342628,0.554025676,0.564835273,0.572644465,0.695881385,0.862443384,0.996939286,0.889407053,0.937936902,1.0,1.0,0.998097576,0.770504659
0.817013206,0.157709588,0.030005276,0.025166375,0.0,0.157709588,0.420813967,0.616595801,0.764059931,0.814128737,0.79275696,0.732035389,0.663663237,0.766789064,0.748866025,0.964426725,0.942540708,0.988553468,1.0,0.904621842,0.328518052,0.157709588,0.017444896
0.4773277,0.284750303,0.183523905,0.180430489,0.171029627,0.281612953,0.431221692,0.722136005,0.859009094,0.936191235,0.862443384,0.862443384,0.862443384,0.862443384,0.975056345,1.0,1.0,1.0,0.999968346,0.999255496,0.783265764,0.502166746,0.0
0.287481128,0.223785924,0.1816228,0.180291914,0.172360374,0.20006213,0.0,0.48268241,0.554832592,0.571437857,0.585335613,0.584045859,0.580339967,0.6012459,0.760168205,0.888713918,0.996525856,0.932317306,0.997283458,1.0,1.0,1.0,0.980029274
0.180275753,0.180463803,0.23209947,0.450762736,0.550414269,0.55901096,0.564701863,0.56822851,0.55996134,0.544593772,0.553527424,0.520930478,0.0,0.44771307,0.593099953,0.796973404,0.976873085,1.0,1.0,1.0,0.82863483,0.463998105,0.0
0.000287359,0.0,0.09290757,0.387791108,0.471094445,0.474732813,0.47011928,0.479520181,0.480217365,0.482484969,0.482202659,0.480697712,0.431627891,0.45302999,0.729253267,0.988615626,1.0,1.0,1.0,0.998287212,0.696255441,0.312732153,0.130870345
0.862443384,0.286790506,0.179994859,0.170102291,0.203903384,0.0,0.512914876,0.608272631,0.723604453,0.7907205,0.764075249,0.691996451,0.718030837,0.779382673,0.862443384,0.991482661,1.0,1.0,0.956083056,0.794992216,0.450613504,0.287481128,0.177817135
0.179827219,0.179440116,0.240111566,0.451788492,0.569886628,0.573630494,0.571646087,0.567721316,0.561219753,0.547518796,0.566440591,0.536258325,0.574962256,0.44321375,0.624620337,0.862443384,1.0,1.0,1.0,1.0,0.782040746,0.462430308,0.0
0.002930869,0.0,0.09084305,0.361245091,0.549179483,0.550134816,0.474119852,0.472446937,0.472126663,0.486299135,0.483817589,0.478648514,0.394675849,0.3931055,0.68603866,0.878586469,1.0,1.0,1.0,0.997359586,0.568691281,0.33471546,0.132608025
0.181336335,0.180533959,0.252841797,0.469905593,0.570764822,0.571172007,0.57165898,0.57364998,0.573250248,0.574305258,0.573765931,0.570690959,0.53400164,0.543333741,0.786846896,0.993946803,1.0,1.0,1.0,0.795348032,0.539457462,0.0,0.27029462
1.0,0.319660295,0.193273789,0.18507367,0.253722589,0.0,0.577063906,0.684263986,0.847493342,0.918535122,0.868245188,0.799150738,0.79612402,0.799150738,0.932321477,0.958980885,0.958980885,0.8786925,0.798413815,0.57419972,0.63932059,0.318921536,0.199000729
0.862443384,0.285314734,0.180188372,0.173301546,0.18095135,0.0,0.524164497,0.640944889,0.804761063,0.930513079,0.932319828,0.862443384,0.797712146,0.966873477,0.999997933,1.0,1.0,1.0,0.989813879,0.794423586,0.44262104,0.287481128,0.18738037
0.180894764,0.179121351,0.259688229,0.523400975,0.71870282,0.71537609,0.56949775,0.573624922,0.575921309,0.575847457,0.576383635,0.578802716,0.574313648,0.585761064,0.826930285,0.999450446,1.0,1.0,0.997817339,0.772372593,0.461212208,0.0,0.226510224
0.006025852,0.0,0.119592998,0.515141236,0.70978184,0.685787246,0.514740368,0.482215718,0.475457787,0.475429454,0.482949502,0.488771497,0.475707812,0.58832855,0.833237389,1.0,1.0,1.0,1.0,0.944523909,0.434446721,0.482536946,0.136199258
0.181284396,0.180074637,0.2678701,0.525719016,0.744171744,0.820683593,0.606185954,0.574294513,0.575726473,0.575990519,0.573583416,0.575108781,0.542188261,0.570624946,0.844414773,0.999784445,1.0,1.0,1.0,0.765373014,0.505276527,0.0,0.283594467
0.000646701,0.0,0.077147859,0.375817619,0.475729665,0.489344255,0.470750867,0.475454462,0.463999125,0.472655224,0.476905254,0.478690349,0.428314132,0.45176712,0.756396871,0.956346851,0.999780684,0.999780684,1.0,0.699875692,0.365157358,0.332613504,0.130307062
0.000178615,0.0,0.080137893,0.362081398,0.466550603,0.478607567,0.477549441,0.481595195,0.466373877,0.479177246,0.480849964,0.404903485,0.481633597,0.338564983,0.611755951,0.832239067,0.999794801,1.0,1.0,1.0,0.953130161,0.384189667,0.306330862
0.176768044,0.17838035,0.237153056,0.450968059,0.570294781,0.575773874,0.575231668,0.572852151,0.572335966,0.568808771,0.560982091,0.512622482,0.574962256,0.492225156,0.602315922,0.796929656,0.993642997,1.0,1.0,1.0,0.870637548,0.489356838,0.0
0.012212457,0.006973187,0.122860813,0.461104278,0.476448413,0.483540755,0.486224748,0.488457731,0.487505002,0.487662768,0.485134992,0.482963032,0.483584916,0.489264751,0.778976558,0.999998388,1.0,1.0,0.951726099,0.660216222,0.344840077,0.141620459,0.0
0.181384898,0.1802306,0.235524959,0.446671769,0.576192211,0.574962525,0.57197929,0.549172684,0.566882273,0.562589391,0.571407887,0.576081889,0.495826036,0.515585089,0.732573026,0.862443384,1.0,1.0,1.0,0.86104335,0.480793766,0.0,0.215664989
0.181075742,0.180801625,0.20575123,0.0,0.500800358,0.572981292,0.494564793,0.574962766,0.574962766,0.574962766,0.574962766,0.574962766,0.0,0.431222074,0.643059873,0.793914294,0.939665634,0.999943279,1.0,0.999089859,0.782189859,0.489089091,0.0
0.176436565,0.18115042,0.183829086,0.0,0.530739099,0.566089463,0.574962256,0.573745781,0.574962256,0.574962256,0.574962256,0.574962256,0.0,0.431221692,0.693704925,0.867053106,1.0,1.0,1.0,1.0,1.0,1.0,0.993334533
1.0,0.333104386,0.210861419,0.20456258,0.188696729,0.33011607,0.531209978,0.653056813,0.668666819,0.67510145,0.662102875,0.662822245,0.666416297,0.666766336,0.807470126,0.837270321,0.858943703,0.789956979,0.657444794,0.565933628,0.0,0.250629342,0.208622299
0.01057927,0.009162135,0.089396212,0.463706993,0.502528509,0.518987834,0.46437546,0.521386489,0.498247578,0.521747414,0.519630516,0.499401204,0.521747414,0.473091418,0.608626438,0.773856193,0.822223666,1.0,0.797416464,0.789080769,0.335190123,0.148632832,0.0
0.878426482,0.28497202,0.18302049,0.180943262,0.167782193,0.292808827,0.524989584,0.598001322,0.771846083,0.878426482,0.759664807,0.581388908,0.581179153,0.732022068,0.78725489,1.0,0.770249745,0.821738233,0.587945089,0.478263436,0.0,0.233919283,0.183224426
0.3180948,0.117045294,0.018500994,0.015308004,0.0,0.145765025,0.476163556,0.411590232,0.488615696,0.492401181,0.49048558,0.482251581,0.474765856,0.469299218,0.51570593,0.786481171,0.714245494,0.722045948,0.857794748,1.0,1.0,1.0,0.998832805
0.287481128,0.217769106,0.179638,0.172060059,0.214978662,0.0,0.573933009,0.556013313,0.573278555,0.576641039,0.575464333,0.573493914,0.574034441,0.576805847,0.590024355,0.782700085,0.862443384,0.862443384,0.992442882,1.0,1.0,1.0,1.0
0.002421204,0.0,0.092860261,0.423714239,0.529196229,0.678511629,0.450617704,0.483168685,0.481539294,0.482515018,0.478935451,0.48103831,0.481774008,0.500634591,0.720396394,0.999857949,1.0,1.0,1.0,0.998648329,0.638682653,0.307355599,0.132311834
0.0,0.000383818,0.062074858,0.335533206,0.468188478,0.477180423,0.466613865,0.45898272,0.465017406,0.466989238,0.472999138,0.448767894,0.478067047,0.347974578,0.660122577,0.83137231,0.999531188,1.0,1.0,1.0,0.854863516,0.451493389,0.433977131
0.0,0.003564171,0.070694576,0.370050346,0.461057103,0.487298892,0.429816336,0.484378196,0.482817965,0.478685815,0.474284768,0.442345606,0.460899789,0.410656417,0.719282256,0.875128498,1.0,1.0,1.0,1.0,0.977350312,0.433131768,0.370738173
0.00024603,0.0,0.068456758,0.340581904,0.47930922,0.479940829,0.4808226,0.47156588,0.472451445,0.479069955,0.474562834,0.439932475,0.481909742,0.368757266,0.742597329,0.931383137,1.0,1.0,1.0,1.0,1.0,0.77126286,0.420326073
0.181246199,0.180214128,0.226727356,0.466060133,0.558539023,0.57248968,0.542271376,0.574435802,0.535310759,0.566931194,0.574962256,0.574962256,0.574962256,0.490965426,0.775890959,0.862443384,0.999848329,1.0,1.0,0.998159992,0.736165525,0.475525629,0.0
0.001749178,0.0,0.07607225,0.403247684,0.451889877,0.48096789,0.483465739,0.48491545,0.482837148,0.481129427,0.48114913,0.480880326,0.408448997,0.463184154,0.761906683,0.983759761,1.0,1.0,1.0,0.74171614,0.338656344,0.131018252,0.007547654
0.000824645,0.0,0.092682868,0.491887468,0.67784993,0.656978004,0.453854781,0.480785052,0.482600293,0.480718286,0.482554731,0.481583415,0.469080607,0.503465522,0.830977068,0.99907171,1.0,1.0,1.0,0.772173667,0.430382954,0.481696562,0.13113368
0.169596324,0.185681374,0.201246812,0.0,0.544127481,0.553027,0.570766507,0.567578085,0.565581364,0.565895855,0.558313652,0.572549609,0.0,0.441367323,0.740351733,0.857402266,0.999925612,1.0,1.0,1.0,1.0,1.0,1.0
0.177805227,0.181218742,0.192727806,0.0,0.514725732,0.56436393,0.574962256,0.0,0.574962256,0.548811346,0.574962256,0.574962256,0.574962256,0.441822384,0.691345627,0.827639615,0.862443384,0.877221124,0.999657134,1.0,1.0,1.0,0.992735892
0.0,0.000968955,0.055575459,0.306416717,0.409364394,0.4772366,0.468684339,0.477559713,0.48167715,0.480868913,0.46761676,0.462422471,0.481697755,0.306416717,0.547842909,0.788338727,0.987134236,0.998856023,1.0,1.0,0.999436456,0.711557863,0.318829168
0.431221692,0.263226161,0.181085151,0.178361432,0.168772552,0.0,0.574962256,0.50425179,0.573662637,0.575125117,0.576250987,0.57456606,0.568370844,0.561278696,0.749243074,0.870266005,1.0,1.0,1.0,1.0,1.0,1.0,0.974697174
0.857138972,0.15531679,0.032059397,0.017923546,0.0,0.330772336,0.394237327,0.520795244,0.681683426,0.757209892,0.700902211,0.723776401,0.760193134,0.806937699,0.857138972,1.0,0.860583553,0.937402309,0.989896017,0.710576637,0.36358345,0.155212668,0.026308355
0.181302716,0.180405335,0.244531079,0.478764713,0.56310038,0.574258152,0.573229528,0.573509046,0.57704058,0.574820244,0.575383665,0.577117851,0.575185248,0.573340658,0.799252911,0.996735447,1.0,1.0,1.0,0.957567758,0.532088545,0.0,0.287481128
1.0,0.148519447,0.023908309,0.016884354,0.0,0.150962942,0.356188838,0.496246123,0.688593005,0.714223688,0.749322745,0.520490734,0.501052118,0.502362892,0.679233488,0.720041102,0.857686177,0.857686177,0.779731489,0.681005368,0.370755957,0.150962942,0.011434304
0.000566061,0.0,0.066626529,0.334571955,0.470162157,0.479107661,0.474294242,0.477922879,0.481544906,0.482577544,0.482479459,0.479581965,0.441622134,0.452151416,0.739659685,0.992575635,1.0,1.0,1.0,0.99845127,0.728180455,0.306110973,0.130752668
0.181371872,0.180821589,0.239536051,0.477346523,0.564030142,0.574910762,0.553604265,0.555726449,0.555637934,0.570362442,0.570876384,0.550782687,0.530870464,0.508720768,0.717679418,0.878599088,0.999632001,0.999855613,1.0,0.96759998,0.797944589,0.0,0.287481128
0.172234704,0.180985575,0.197165847,0.0,0.533814856,0.552840347,0.560360604,0.562476718,0.548233736,0.574962256,0.574962256,0.574071194,0.0,0.445233174,0.681899665,0.79973353,0.862443384,0.967583547,1.0,1.0,1.0,1.0,0.998736028
0.001699583,0.0,0.098222072,0.446442084,0.588935399,0.780185669,0.65665487,0.474302894,0.475366365,0.468839592,0.471029739,0.477772883,0.481119235,0.476344957,0.794713531,1.0,1.0,1.0,0.997820614,0.735624649,0.353503096,0.131859941,0.018456359
0.180313253,0.177145531,0.266708482,0.562858088,0.739661742,0.7701857,0.658473139,0.573756197,0.577287041,0.575862254,0.573458141,0.572684248,0.575653591,0.613430977,0.859543269,0.999992959,1.0,1.0,1.0,0.806556657,0.508016074,0.0,0.221021124
0.17381739,0.181255331,0.185593864,0.0,0.57146445,0.574918569,0.574962256,0.574962256,0.574962256,0.574962256,0.574962256,0.574962256,0.0,0.431221692,0.616012251,0.800999785,0.969009979,1.0,1.0,1.0,1.0,1.0,1.0
0.168718969,0.176330196,0.212652062,0.0,0.494998615,0.562598581,0.573231338,0.57755568,0.572680401,0.570176814,0.579392214,0.615099347,0.565238971,0.730495798,0.885701437,1.0,1.0,1.0,1.0,0.989599965,0.774024777,0.523705439,0.484243816
0.837294301,0.148212501,0.023131715,0.008193023,0.0,0.320048532,0.505838173,0.725061609,0.968916758,0.99800542,0.982929258,0.935444407,0.858233454,0.835556627,0.993436936,1.0,1.0,0.999999934,0.990966352,0.735580907,0.349119662,0.148212501,0.027559897
